Workbook

Sheet Summary
A1: SEA Service Portal – Summary
A2: Counts update from the Requirements sheet.
A4: Service area | B4: Exists | C4: Partial | D4: Gap | E4: Total | F4: Must | G4: Done
A5: Common Portal | B5: =COUNTIFS(Requirements!$B$5:$B$47,$A5,Requirements!$E$5:$E$47,"Exists") -> 4 | C5: =COUNTIFS(Requirements!$B$5:$B$47,$A5,Requirements!$E$5:$E$47,"Partial") -> 6 | D5: =COUNTIFS(Requirements!$B$5:$B$47,$A5,Requirements!$E$5:$E$47,"Gap") -> 8 | E5: =SUM(B5:D5) -> 18 | F5: =COUNTIFS(Requirements!$B$5:$B$47,$A5,Requirements!$I$5:$I$47,"Must") -> 15 | G5: =COUNTIFS(Requirements!$B$5:$B$47,$A5,Requirements!$J$5:$J$47,"Done") -> 0
A6: IT Services | B6: =COUNTIFS(Requirements!$B$5:$B$47,$A6,Requirements!$E$5:$E$47,"Exists") -> 2 | C6: =COUNTIFS(Requirements!$B$5:$B$47,$A6,Requirements!$E$5:$E$47,"Partial") -> 4 | D6: =COUNTIFS(Requirements!$B$5:$B$47,$A6,Requirements!$E$5:$E$47,"Gap") -> 1 | E6: =SUM(B6:D6) -> 7 | F6: =COUNTIFS(Requirements!$B$5:$B$47,$A6,Requirements!$I$5:$I$47,"Must") -> 4 | G6: =COUNTIFS(Requirements!$B$5:$B$47,$A6,Requirements!$J$5:$J$47,"Done") -> 0
A7: Facilities | B7: =COUNTIFS(Requirements!$B$5:$B$47,$A7,Requirements!$E$5:$E$47,"Exists") -> 0 | C7: =COUNTIFS(Requirements!$B$5:$B$47,$A7,Requirements!$E$5:$E$47,"Partial") -> 2 | D7: =COUNTIFS(Requirements!$B$5:$B$47,$A7,Requirements!$E$5:$E$47,"Gap") -> 2 | E7: =SUM(B7:D7) -> 4 | F7: =COUNTIFS(Requirements!$B$5:$B$47,$A7,Requirements!$I$5:$I$47,"Must") -> 3 | G7: =COUNTIFS(Requirements!$B$5:$B$47,$A7,Requirements!$J$5:$J$47,"Done") -> 0
A8: Student Services | B8: =COUNTIFS(Requirements!$B$5:$B$47,$A8,Requirements!$E$5:$E$47,"Exists") -> 0 | C8: =COUNTIFS(Requirements!$B$5:$B$47,$A8,Requirements!$E$5:$E$47,"Partial") -> 0 | D8: =COUNTIFS(Requirements!$B$5:$B$47,$A8,Requirements!$E$5:$E$47,"Gap") -> 3 | E8: =SUM(B8:D8) -> 3 | F8: =COUNTIFS(Requirements!$B$5:$B$47,$A8,Requirements!$I$5:$I$47,"Must") -> 2 | G8: =COUNTIFS(Requirements!$B$5:$B$47,$A8,Requirements!$J$5:$J$47,"Done") -> 0
A9: Translation Service | B9: =COUNTIFS(Requirements!$B$5:$B$47,$A9,Requirements!$E$5:$E$47,"Exists") -> 1 | C9: =COUNTIFS(Requirements!$B$5:$B$47,$A9,Requirements!$E$5:$E$47,"Partial") -> 0 | D9: =COUNTIFS(Requirements!$B$5:$B$47,$A9,Requirements!$E$5:$E$47,"Gap") -> 3 | E9: =SUM(B9:D9) -> 4 | F9: =COUNTIFS(Requirements!$B$5:$B$47,$A9,Requirements!$I$5:$I$47,"Must") -> 3 | G9: =COUNTIFS(Requirements!$B$5:$B$47,$A9,Requirements!$J$5:$J$47,"Done") -> 0
A10: Academic Team | B10: =COUNTIFS(Requirements!$B$5:$B$47,$A10,Requirements!$E$5:$E$47,"Exists") -> 0 | C10: =COUNTIFS(Requirements!$B$5:$B$47,$A10,Requirements!$E$5:$E$47,"Partial") -> 2 | D10: =COUNTIFS(Requirements!$B$5:$B$47,$A10,Requirements!$E$5:$E$47,"Gap") -> 2 | E10: =SUM(B10:D10) -> 4 | F10: =COUNTIFS(Requirements!$B$5:$B$47,$A10,Requirements!$I$5:$I$47,"Must") -> 2 | G10: =COUNTIFS(Requirements!$B$5:$B$47,$A10,Requirements!$J$5:$J$47,"Done") -> 0
A11: Service Levels | B11: =COUNTIFS(Requirements!$B$5:$B$47,$A11,Requirements!$E$5:$E$47,"Exists") -> 0 | C11: =COUNTIFS(Requirements!$B$5:$B$47,$A11,Requirements!$E$5:$E$47,"Partial") -> 2 | D11: =COUNTIFS(Requirements!$B$5:$B$47,$A11,Requirements!$E$5:$E$47,"Gap") -> 1 | E11: =SUM(B11:D11) -> 3 | F11: =COUNTIFS(Requirements!$B$5:$B$47,$A11,Requirements!$I$5:$I$47,"Must") -> 2 | G11: =COUNTIFS(Requirements!$B$5:$B$47,$A11,Requirements!$J$5:$J$47,"Done") -> 0
A12: Total | B12: =SUM(B5:B11) -> 7 | C12: =SUM(C5:C11) -> 16 | D12: =SUM(D5:D11) -> 20 | E12: =SUM(E5:E11) -> 43 | F12: =SUM(F5:F11) -> 31 | G12: =SUM(G5:G11) -> 0
A14: Key
A15: Exists | B15: Already built in SEA IT Service Desk; reuse
A16: Partial | B16: Built for agents; needs an end-user version
A17: Gap | B17: New build

Sheet Requirements
A1: SEA Service Portal – End-User Requirements mapped to SEA IT Service Desk
A2: Mapped to the SEA IT Service Desk artifact (Incidents, Requests, Changes, Assets, Admin console). 'In current system': Exists = already built and reused; Partial = built for agents, needs a portal/end-user version; Gap = new build. Priority, Status, Owner and Notes are editable (yellow). Priorities are proposals to confirm with each department.
A4: Req ID | B4: Service area | C4: Maps to module | D4: Requirement | E4: In current system | F4: Current behaviour | G4: What to build | H4: Permission key | I4: Priority | J4: Status | K4: Owner | L4: Notes
A5: COM-01 | B5: Common Portal | C5: New: Portal (#portal) | D5: Separate end-user portal view inside the same page, opened by default for users without an agent role | E5: Gap | F5: Users without a role see the 'Request access' gate only | G5: Add a Portal route and a 'Requester' role so every SEA user lands on the portal, not the agent workspace | H5: port.view | I5: Must | J5: Not started
A6: COM-02 | B6: Common Portal | C6: Admin console › Users & access | D6: Sign in with academy identity; name, email and avatar picked up automatically | E6: Exists | F6: Uses the signed-in Claude identity (user capability, profile scope) | G6: Auto-grant the Requester role to all SEA users instead of manual access approval | H6: adm.users | I6: Must | J6: Not started
A7: COM-03 | B7: Common Portal | C7: Portal | D7: Arabic and English interface with right-to-left layout, switchable per user | E7: Gap | F7: English only; dates formatted en-GB | G7: Add language toggle (remember per viewer), RTL stylesheet, bilingual labels for catalogue, statuses and notifications | H7: — | I7: Must | J7: Not started
A8: COM-04 | B8: Common Portal | C8: Portal › Home | D8: Home page with search, five service-area tiles (IT, Facilities, Student Services, Translation, Academic), announcements and 'My open requests' | E8: Gap | F8: Overview page is agent KPIs only | G8: Build portal home reusing panel, kpi and row components | H8: port.view | I8: Must | J8: Not started
A9: COM-05 | B9: Common Portal | C9: Portal › Search | D9: One search across catalogue items, help articles and the user's own tickets | E9: Partial | F9: Search box filters ID, title, requester inside each agent list | G9: Extend search to catalogue and knowledge for end users | H9: port.view | I9: Must | J9: Not started
A10: COM-06 | B10: Common Portal | C10: Portal › Assistant | D10: Claude assistant that answers questions, suggests the right catalogue item and pre-fills the form | E10: Gap | F10: None | G10: Use the page's 'ask Claude' runtime capability; user confirms before submit | H10: port.create | I10: Must | J10: Not started
A11: COM-07 | B11: Common Portal | C11: Requests (REQ) | D11: Department-based service catalogue covering all five service areas | E11: Partial | F11: CATALOG has 8 IT items only; DEPT list holds requester departments, not service areas | G11: Add a 'serviceArea' field and a catalogue per area (see Catalogue Mapping sheet) | H11: req.create | I11: Must | J11: Not started
A12: COM-08 | B12: Common Portal | C12: New ticket form | D12: Dynamic request forms per catalogue item: conditional fields, mandatory checks, attachments | E12: Partial | F12: One fixed form per ticket kind (title, item, approver, requester, department, details); no attachments | G12: Form definition per catalogue item stored in settings; add file upload (files capability) | H12: req.create | I12: Must | J12: Not started
A13: COM-09 | B13: Common Portal | C13: New ticket form | D13: Requester filled automatically from the signed-in user; option to raise on behalf of someone else | E13: Partial | F13: Requester is typed free text | G13: Default requester = ME; 'On behalf of' people picker reusing the Admin user picker | H13: req.create | I13: Should | J13: Not started
A14: COM-10 | B14: Common Portal | C14: Portal › My requests | D14: 'My requests' list: ID, status pill, assigned team, SLA due date, last update | E14: Gap | F14: Agents see all tickets; no requester filter | G14: List tickets where requesterId = ME, using existing table, pill() and sla() | H14: port.view | I14: Must | J14: Not started
A15: COM-11 | B15: Common Portal | C15: Ticket drawer | D15: Requester view of a ticket: timeline of public updates, add comment and attachment, cancel, reopen within 5 days | E15: Partial | F15: Drawer shows activity log with internal work notes only | G15: Split activity into public replies vs internal work notes; requester actions Cancel / Reopen | H15: port.update | I15: Must | J15: Not started
A16: COM-12 | B16: Common Portal | C16: Notifications | D16: Email, Teams and mobile notifications on submit, status change, approval needed, resolved | E16: Gap | F16: Toast messages inside the page only | G16: Add notifications; respect user preferences | H16: — | I16: Must | J16: Not started
... A47: SLA-03 | B47: Service Levels | C47: SLA engine | D47: Business hours and UAE public holidays in SLA calculation | E47: Gap | F47: SLA counts 24/7 clock hours | G47: Add working calendar to sla() | H47: — | I47: Should | J47: Not started

Sheet Catalogue Mapping
A1: Service catalogue mapped to SEA IT Service Desk ticket kinds
A2: Each catalogue item becomes an INC (problem) or REQ (service) ticket with a new 'serviceArea' field, so the existing lists, SLA and approval flow are reused. IT items come from the system's current INC_CAT and CATALOG lists.
A4: Service area | B4: Catalogue item | C4: Ticket kind | D4: ID prefix | E4: In current system | F4: Approval needed | G4: Approver | H4: SLA target | I4: Portal form fields | J4: Notes
A5: IT | B5: Report a problem (Network & Wi-Fi, Hardware, Classroom AV, Email & Accounts, Software, Printing, LMS) | C5: INC | D5: INC- | E5: Exists (INC_CAT) | F5: No | G5: — | H5: Impact × urgency: P1 4h · P2 8h · P3 24h · P4 72h | I5: What's wrong, category, location, device (optional), how urgent, details | J5: Confirm against IT's defined categories
A6: IT | B6: New laptop | C6: REQ | D6: REQ- | E6: Exists (CATALOG) | F6: Yes | G6: Line manager | H6: 72h | I6: Who for, start date, keyboard (Arabic/English), accessories
A7: IT | B7: Software installation | C7: REQ | D7: REQ- | E7: Exists (CATALOG) | F7: Yes | G7: Line manager | H7: 72h | I7: Software name, licence source, device
A8: IT | B8: Account access | C8: REQ | D8: REQ- | E8: Exists (CATALOG) | F8: Yes | G8: Line manager | H8: 72h | I8: System, access level, reason
A9: IT | B9: Classroom AV setup | C9: REQ | D9: REQ- | E9: Exists (CATALOG) | F9: No | G9: — | H9: 72h | I9: Room, date/time, equipment needed
A10: IT | B10: Shared drive access | C10: REQ | D10: REQ- | E10: Exists (CATALOG) | F10: Yes | G10: Folder owner | H10: 72h | I10: Folder path, read or read/write
A11: IT | B11: Printer toner / repair | C11: REQ | D11: REQ- | E11: Exists (CATALOG) | F11: No | G11: — | H11: 72h | I11: Printer tag, location, issue
A12: IT | B12: Guest Wi-Fi for event | C12: REQ | D12: REQ- | E12: Exists (CATALOG) | F12: No | G12: — | H12: 72h | I12: Event name, dates, number of guests
A13: IT | B13: Phone extension | C13: REQ | D13: REQ- | E13: Exists (CATALOG) | F13: Yes | G13: Line manager | H13: 72h | I13: User, location, extension type
A14: Facilities | B14: Maintenance fault | C14: INC | D14: INC- | E14: New | F14: No | G14: — | H14: Same P1–P4 matrix; safety flag = P1 | I14: Building (LOC), room, issue type, photo, safety flag
A15: Facilities | B15: Room / lab booking | C15: REQ | D15: REQ- | E15: New | F15: Optional | G15: Facilities coordinator | H15: To confirm | I15: Space, date, start/end time, attendees, setup
A16: Facilities | B16: Access card | C16: REQ | D16: REQ- | E16: New | F16: Yes | G16: Line manager | H16: To confirm | I16: Card holder, areas needed, start date
A17: Facilities | B17: Parking / transport | C17: REQ | D17: REQ- | E17: New | F17: Yes | G17: Line manager | H17: To confirm | I17: Type, dates, pickup/drop-off
... A23: Student Services | B23: Complaint / general enquiry | C23: REQ | D23: REQ- | E23: New | F23: No | G23: — | H23: To confirm | I23: Topic, details, attachment
A24: Translation | B24: Translation request | C24: REQ | D24: REQ- | E24: New (form already defined) | F24: Per current process | G24: Per current process | H24: To confirm | I24: Use the existing translation form fields as they are | J24: Share the form to map fields one-to-one
A25: Academic Team | B25: Academic request | C25: REQ | D25: REQ- | E25: New (form already defined) | F25: Per current process | G25: Programme lead → Dean (if needed) | H25: To confirm | I25: Use the existing academic form fields as they are | J25: Share the form to map fields one-to-one

Sheet Statuses & SLA
A1: Ticket statuses and SLA from SEA IT Service Desk
A2: Statuses are the system's FLOW lists. The portal shows friendlier labels to end users (column C).
A4: Ticket kind | B4: Agent statuses (current) | C4: Portal label for end users | D4: Closed statuses | E4: Requester actions
A5: Incident (INC) | B5: New → In Progress → On Hold → Resolved → Closed | C5: Logged / Being worked on / Waiting / Fixed – please confirm / Closed | D5: Resolved, Closed | E5: Requester can reopen within 5 days of Resolved (new)
A6: Request (REQ) | B6: Submitted → Awaiting Approval → Approved → Fulfilling → Completed / Rejected | C6: Submitted / Waiting for approval / Approved / In progress / Done / Not approved | D6: Completed, Rejected | E6: Requester can cancel before Fulfilling (new)
A7: Change (CHG) | B7: Draft → Assessment → CAB Review → Scheduled → Implementing → Completed / Cancelled | C7: Shown only as planned maintenance on the status banner | D7: Completed, Cancelled | E7: Agents only
A9: SLA targets (current system)
A10: Priority / type | B10: Target | C10: Applies to
A11: P1 (High impact, High urgency) | B11: 4 hours | C11: Incident resolution
A12: P2 | B12: 8 hours | C12: Incident resolution
A13: P3 | B13: 24 hours | C13: Incident resolution
A14: P4 | B14: 72 hours | C14: Incident resolution
A15: All requests | B15: 72 hours | C15: Request fulfilment
A16: At-risk warning | B16: Under 25% of SLA left | C16: Shown amber on Overview

Sheet Roles & Permissions
A1: Roles: existing in SEA IT Service Desk + new for the portal
A2: Existing roles come from DEFAULT_ROLES in the system. New roles and permission keys (port.*, kb.*, area scoping) are needed for end users and the four new departments.
A4: Role | B4: Existing / New | C4: Purpose | D4: Permissions | E4: Page sharing needed
A5: Administrator | B5: Existing | C5: Full control, including users, roles and branding | D5: All | E5: Editor
A6: Service Desk Manager | B6: Existing | C6: Runs the desk across all modules; audit log | D6: All except adm.users, adm.roles, adm.branding | E6: Contributor
A7: Agent | B7: Existing | C7: Handles incidents and requests | D7: *.view, inc.create/update/assign, req.create/update, chg.create, ast.update | E7: Contributor
A8: Change Approver (CAB) | B8: Existing | C8: Reviews and approves changes | D8: *.view, chg.update, chg.approve | E8: Contributor
A9: Asset Manager | B9: Existing | C9: Keeps the asset register accurate | D9: *.view, inc.create, ast.create, ast.update | E9: Contributor
A10: Read-only | B10: Existing | C10: Sees everything, changes nothing | D10: *.view | E10: Viewer
A11: Requester (all staff, faculty, students) | B11: New | C11: Uses the portal: raises and tracks own tickets | D11: port.view, port.create, port.update (own tickets only), kb.view | E11: Contributor
A12: Department Approver | B12: New | C12: Approves requests routed to them in the portal | D12: port.*, req.approve (assigned to them) | E12: Contributor
A13: Department Agent (Facilities, Student Services, Translation, Academic) | B13: New | C13: Works tickets for one service area only | D13: inc/req view, update, assign scoped to serviceArea | E13: Contributor
A14: Knowledge Editor | B14: New | C14: Writes and publishes help articles | D14: kb.view, kb.create, kb.update | E14: Contributor

Sheet Ticket Data Model
A1: Ticket fields: current schema + additions for the portal
A2: Current fields come from the tickets collection in the SEA IT Service Desk. New fields let the same ticket record serve all five service areas.
A4: Field | B4: Existing / New | C4: Meaning | D4: Change for portal
A5: id | B5: Existing | C5: INC-2041 / REQ-1188 / CHG-311 | D5: Keep
A6: kind | B6: Existing | C6: INC, REQ, CHG | D6: Keep
A7: title, desc | B7: Existing | C7: Short description and details | D7: Keep
A8: status | B8: Existing | C8: From FLOW per kind | D8: Keep; add portal labels
A9: priority, impact, urgency | B9: Existing | C9: INC only, P1–P4 | D9: Keep
A10: category / item | B10: Existing | C10: INC category or REQ catalogue item | D10: Keep; values per service area
A11: requester | B11: Existing | C11: Free text name | D11: Change to requesterId (signed-in user) + name
A12: dept | B12: Existing | C12: Requester's department | D12: Keep
A13: assignee | B13: Existing | C13: Agent user ID | D13: Keep
A14: approver | B14: Existing | C14: Free text | D14: Change to approver user ID(s), ordered list
A15: asset | B15: Existing | C15: Configuration item tag | D15: Keep
... A24: lang | B24: New | C24: ar / en | D24: Language for notifications
